{
  "loss": 0.001308324048295617,
  "mae": 0.020789312198758125,
  "val_loss": 19.20797348022461,
  "val_mae": 2.989469528198242,
  "epoch": 58,
  "global_step": 649
}