{
  "loss": 0.002629738999530673,
  "mae": 0.030671976506710052,
  "val_loss": 0.8896061182022095,
  "val_mae": 0.6706156730651855,
  "epoch": 64,
  "global_step": 715
}